{"intents":[{"name":"SuggestPortfolio","samples":["I would like to invest","I want to build a portfolio","How do I construct a portfolio"],"slots":[{"name":"birthday","type":"AMAZON.DATE","samples":[]},{"name":"investment_amount","type":"AMAZON.NUMBER","samples":[]},{"name":"name","type":"AMAZON.US_FIRST_NAME","samples":[]},{"name":"qu_close_friend","type":"AMAZON.NUMBER","samples":[]},{"name":"qu_risk_define","type":"AMAZON.NUMBER","samples":[]},{"name":"qu_self_eval","type":"AMAZON.NUMBER","samples":[]},{"name":"qu_willingness","type":"AMAZON.NUMBER","samples":[]},{"name":"qu_would_you_rather","type":"AMAZON.NUMBER","samples":[]},{"name":"retirement","type":"AMAZON.NUMBER","samples":[]}]}],"types":[],"prompts":[{"id":"Confirm.Intent-SuggestPortfolio","promptVersion":"1.0","definitionVersion":"1.0","variations":[{"type":"PlainText","value":"So to be clear, you want to invest, ${investment_amount} and be retired at {retirement}. Is that correct?"}]},{"id":"Elicit.Intent-SuggestPortfolio.IntentSlot-birthday","promptVersion":"1.0","definitionVersion":"1.0","variations":[{"type":"PlainText","value":"What\u0027s you date of birth?"}]},{"id":"Elicit.Intent-SuggestPortfolio.IntentSlot-investment_amount","promptVersion":"1.0","definitionVersion":"1.0","variations":[{"type":"PlainText","value":"How much money would you like to invest?"}]},{"id":"Elicit.Intent-SuggestPortfolio.IntentSlot-name","promptVersion":"1.0","definitionVersion":"1.0","variations":[{"type":"PlainText","value":"What\u0027s your name?"}]},{"id":"Elicit.Intent-SuggestPortfolio.IntentSlot-qu_close_friend","promptVersion":"1.0","definitionVersion":"1.0","variations":[{"type":"PlainText","value":"On a scale of 1(Risky Avoidant) - 4(Risky), How would your closest friend describe your risk tolerance?"}]},{"id":"Elicit.Intent-SuggestPortfolio.IntentSlot-qu_risk_define","promptVersion":"1.0","definitionVersion":"1.0","variations":[{"type":"PlainText","value":"Would you define risk as: 1. Loss,  2. Uncertainty, 3. Opportunity or 4. Thrill"}]},{"id":"Elicit.Intent-SuggestPortfolio.IntentSlot-qu_self_eval","promptVersion":"1.0","definitionVersion":"1.0","variations":[{"type":"PlainText","value":"On a scale of 1(Risky Avoidant) - 4(Risky), how would you describe your risk tolerance?"}]},{"id":"Elicit.Intent-SuggestPortfolio.IntentSlot-qu_willingness","promptVersion":"1.0","definitionVersion":"1.0","variations":[{"type":"PlainText","value":"On a scale of 1(Not Comfortable) - 4(Very Comfortable) How comfortable are you with investing your money into stocks?"}]},{"id":"Elicit.Intent-SuggestPortfolio.IntentSlot-qu_would_you_rather","promptVersion":"1.0","definitionVersion":"1.0","variations":[{"type":"PlainText","value":"What would you rather: 1. Take $1,000 in cash, 2. A 50% chance at winning $5,000 , 3. A 25% chance at winning $10,000 or 4. A 5% chance at winning $100,000?"}]},{"id":"Elicit.Intent-SuggestPortfolio.IntentSlot-retirement","promptVersion":"1.0","definitionVersion":"1.0","variations":[{"type":"PlainText","value":"At what age would you like to retire?"}]}],"dialog":{"version":"1.0","intents":[{"name":"SuggestPortfolio","confirmationRequired":true,"prompts":{"confirm":"Confirm.Intent-SuggestPortfolio"},"slots":[{"name":"birthday","type":"AMAZON.DATE","elicitationRequired":true,"confirmationRequired":false,"prompts":{"elicit":"Elicit.Intent-SuggestPortfolio.IntentSlot-birthday"}},{"name":"investment_amount","type":"AMAZON.NUMBER","elicitationRequired":true,"confirmationRequired":false,"prompts":{"elicit":"Elicit.Intent-SuggestPortfolio.IntentSlot-investment_amount"}},{"name":"name","type":"AMAZON.US_FIRST_NAME","elicitationRequired":true,"confirmationRequired":false,"prompts":{"elicit":"Elicit.Intent-SuggestPortfolio.IntentSlot-name"}},{"name":"qu_close_friend","type":"AMAZON.NUMBER","elicitationRequired":true,"confirmationRequired":false,"prompts":{"elicit":"Elicit.Intent-SuggestPortfolio.IntentSlot-qu_close_friend"}},{"name":"qu_risk_define","type":"AMAZON.NUMBER","elicitationRequired":true,"confirmationRequired":false,"prompts":{"elicit":"Elicit.Intent-SuggestPortfolio.IntentSlot-qu_risk_define"}},{"name":"qu_self_eval","type":"AMAZON.NUMBER","elicitationRequired":true,"confirmationRequired":false,"prompts":{"elicit":"Elicit.Intent-SuggestPortfolio.IntentSlot-qu_self_eval"}},{"name":"qu_willingness","type":"AMAZON.NUMBER","elicitationRequired":true,"confirmationRequired":false,"prompts":{"elicit":"Elicit.Intent-SuggestPortfolio.IntentSlot-qu_willingness"}},{"name":"qu_would_you_rather","type":"AMAZON.NUMBER","elicitationRequired":true,"confirmationRequired":false,"prompts":{"elicit":"Elicit.Intent-SuggestPortfolio.IntentSlot-qu_would_you_rather"}},{"name":"retirement","type":"AMAZON.NUMBER","elicitationRequired":true,"confirmationRequired":false,"prompts":{"elicit":"Elicit.Intent-SuggestPortfolio.IntentSlot-retirement"}}]}]}}